{
    "model": "Lasso Logistic Regression",
    "best_params": {
        "clf__C": 0.01
    },
    "best_cv_recall": 0.718813969571231,
    "test_accuracy": 0.7348657485385911,
    "test_recall_fatal": 0.7166666666666667,
    "test_roc_auc": 0.8036154413490227
}