{
    "model": "Random Forest",
    "best_params": {
        "clf__max_depth": 10,
        "clf__min_samples_leaf": 10,
        "clf__n_estimators": 200
    },
    "best_cv_recall": 0.6248029045643154,
    "test_accuracy": 0.7621618943822451,
    "test_recall_fatal": 0.6033333333333334,
    "test_roc_auc": 0.7762271614871434
}